ItemID,ProductID,ProductName,BriefDescription,Price,WholesalePrice,ListPrice,UnitsInStock,UnitsSold,ImageURL,Category,Details,Thumbnail,FormFields,IsFeatured,ShippingCosts,Weight,TimesViewed,SupplierID,ChargeTaxes,ChargeShipping,ShowQuantity,CanBackOrder,egoodfilename,listoptions,showprice,showwsprice,showlistprice,showvoldiscounts,showimage,showaddtocartbutton,showtitle,issubscription,Permissions,NeverExpires,ExpireSelect,SimilarItems,DateAdded,ShipsAlone,sku,brand,subof,status,isgift,Expireson,rating,availability,reviews,mfg,upc,ImportKey,fordervalue,casepack,oneclickordering,,,
538031,08-184,$100 in Fuel,"Proven gasoline redemption program. Available in $100, $250, $300, and $500 increments.",0,,,999,0,$100CYG.JPG,|0|,"<h3 style=text-align: center""><span style=""font-size: large""><span style=""font-family: Times New Roman"">Proven gasoline redemption program.</span></span></h3>""",$100CYG.JPG,NULL,No,0,1,362,0,Yes,Yes,Yes,Yes,None,Yes,No,No,No,Yes,Yes,Yes,Yes,no,NULL,NULL,NULL,NULL,1/29/2009,NULL,08-184,,,active,No,NULL,NULL,,NULL,,NULL,NULL,538031,NULL,No,,,
538032,08-207,$100 in Retail Merchandise,"Proven merchandise redemption program. Available in $100, $250, $300, and $500 increments.",0,,,999,0,$100 CYM.JPG,^936^,"<p style=text-align: center""><span style=""font-size: large""><span style=""font-family: Times New Roman"">Proven merchandise redemption program. Available in $100",$250 ,$300 ," and $500 increments.</span></span></p>""",$100 CYM.JPG,NULL,No,0,1,334,0,Yes,Yes,Yes,Yes,None,Yes,No,No,No,Yes,Yes,Yes,Yes,No,NULL,NULL,NULL,NULL,1/29/2009,NULL,08-207,,,active,No,NULL,NULL,NULL,NULL,NULL,NULL,NULL,538032,NULL,No
538033,08-197,$500 in Food,"Proven grocery redemption procees. Available in $100, $250, $300, and $500 increments.",0,,,999,0,$100CYGro.JPG,^936^,"<p style=text-align: center""><span style=""font-size: large""><span style=""font-family: Times New Roman"">Proven grocery redemption procees. Available in $100",$300 ," and $500 increments.</span></span></p>""",$100CYGro.JPG,NULL,No,0,1,491,0,Yes,Yes,Yes,Yes,None,Yes,No,No,No,Yes,Yes,Yes,Yes,No,NULL,NULL,NULL,NULL,1/29/2009,NULL,08-197,,,active,No,NULL,NULL,NULL,NULL,NULL,NULL,NULL,538033,NULL,No,
538034,Aug-98,The Racing Store,The Racing store carries genuinhe Nascar goods with no product costs. End user only pays Shipping and Handling on the items they order.,0,,,999,0,Racing Store.JPG,^938^,"<p style=text-align: center""><span style=""font-size: large""><span style=""font-family: Times New Roman"">The Racing store carries genuine Nascar goods with no product costs. End user only pays Shipping and Handling on the items they order.</span></span></p>""",Racing Store.JPG,NULL,No,0,1,148,0,Yes,Yes,Yes,Yes,None,Yes,No,No,No,Yes,Yes,Yes,Yes,No,NULL,NULL,NULL,NULL,1/29/2009,NULL,Aug-98,,,active,No,NULL,NULL,NULL,NULL,NULL,NULL,NULL,538034,NULL,No,,,
538035,Aug-34,Passport to Paradise,Cruise Vacation Package for 2,0,,,999,0,passport2paradise.JPG,^937^,"<p style=text-align: center""><span style=""font-size: large""><span style=""font-family: Times New Roman"">Cruise Vacation Package for 2</span></span></p>""",nopic.jpg,NULL,No,0,1,129,0,Yes,Yes,Yes,Yes,None,Yes,No,No,No,Yes,Yes,Yes,Yes,No,NULL,NULL,NULL,NULL,1/29/2009,NULL,Aug-34,,,active,No,NULL,NULL,NULL,NULL,NULL,NULL,NULL,538035,NULL,No,,,
538036,Aug-59,Tour America,Enjoy eight complimentary 3 day 2 night vacations.,0,,,999,0,TourAmerica.JPG,^937^,"<p style=text-align: center""><span style=""font-size: large""><span style=""font-family: Times New Roman"">Enjoy eight complimentary 3 day 2 night vacations.</span></span></p>""",TourAmerica.JPG,NULL,No,0,1,64,0,Yes,Yes,Yes,Yes,None,Yes,No,No,No,Yes,Yes,Yes,Yes,No,NULL,NULL,NULL,NULL,1/29/2009,NULL,Aug-59,,,active,No,NULL,NULL,NULL,NULL,NULL,NULL,NULL,538036,NULL,No,,,
538037,Aug-66,Select Your Gifts,Shopping spree certificate to SelectYourGifts.com. Certificates are available in $500 and $1000 increments. End user only pays the shipping and handling on the items.,0,,,999,0,SYG.JPG,^938^,"<p style=text-align: center""><span style=""font-size: large""><span style=""font-family: Times New Roman"">Shopping spree certificate to SelectYourGifts.com</span></span></p>""",SYG.JPG,NULL,No,0,1,375,0,Yes,Yes,Yes,Yes,None,Yes,No,No,No,Yes,Yes,Yes,Yes,No,NULL,NULL,NULL,NULL,1/29/2009,NULL,Aug-66,,,active,No,NULL,NULL,NULL,NULL,NULL,NULL,NULL,538037,NULL,No,,,
538038,Aug-72,Your Dream Vacation,Enjoy an Eight day and seven night condominium vacation.,0,,,999,0,DreamVacation.JPG,^937^,"<p style=text-align: center""><span style=""font-size: large""><span style=""font-family: Times New Roman"">Enjoy an Eight day and seven night condominium vacation.</span></span></p>""",DreamVacation.JPG,NULL,No,0,1,103,0,Yes,Yes,Yes,Yes,None,Yes,No,No,No,Yes,Yes,Yes,Yes,No,NULL,NULL,NULL,NULL,1/29/2009,NULL,Aug-72,,,active,No,NULL,NULL,NULL,NULL,NULL,NULL,NULL,538038,NULL,No,,,
538039,08-121,Turkey or Ham On Us,Turkey or ham redemption process. Perfect incentive for the holidays. End user can receive a turkey or ham valued at up to $10!,0,,,999,0,Turkey.JPG,^936^,"<p style=text-align: center""><span style=""font-size: large""><span style=""font-family: Times New Roman"">Turkey or ham redemption process. </span></span></p>""",Turkey.JPG,NULL,No,0,1,78,0,Yes,Yes,Yes,Yes,None,Yes,No,No,No,Yes,Yes,Yes,Yes,No,NULL,NULL,NULL,NULL,1/29/2009,NULL,08-121,,,active,No,NULL,NULL,NULL,NULL,NULL,NULL,NULL,538039,NULL,No,,,
538040,08-151,Fly Free America,2 complimentary round trip flight tickets.,0,,,999,0,FlyFreeAmer.JPG,^937^,"<p style=text-align: center""><span style=""font-size: large""><span style=""font-family: Times New Roman"">2 complimentary round trip flight tickets.</span></span></p>""",FlyFreeAmer.JPG,NULL,No,0,1,94,0,Yes,Yes,Yes,Yes,None,Yes,No,No,No,Yes,Yes,Yes,Yes,No,NULL,NULL,NULL,NULL,1/29/2009,NULL,08-151,,,active,No,NULL,NULL,NULL,NULL,NULL,NULL,NULL,538040,NULL,No,,,
538041,6-Aug,Worldwide Travel 3/2,Worldwide Travel Center three day two night vacation for two.,0,,,999,0,WTC3-2.jpg,^937^,"<p style=text-align: center""><span style=""font-size: large""><span style=""font-family: Times New Roman"">Worldwide Travel Center three day two night vacation for two.</span></span></p>""",WTC3-2.jpg,NULL,No,0,1,92,0,Yes,Yes,Yes,Yes,None,Yes,No,No,No,Yes,Yes,Yes,Yes,No,NULL,NULL,NULL,NULL,1/29/2009,NULL,6-Aug,,,active,No,NULL,NULL,NULL,NULL,NULL,NULL,NULL,538041,NULL,No,,,
538042,08-175,Ramada Platinum Getaway Vacation,Ramada Plaza Resorts Platinum Getaway Vacation.,0,,,999,0,08-175.jpg,^937^,"<p style=text-align: center""><span style=""font-size: large""><span style=""font-family: Times New Roman"">Ramada Plaza Resorts Platinum Getaway Vacation.</span></span></p>""",08-175.jpg,NULL,No,0,1,104,0,Yes,Yes,Yes,Yes,None,Yes,No,No,No,Yes,Yes,Yes,Yes,No,NULL,NULL,NULL,NULL,1/29/2009,NULL,08-175,,,active,No,NULL,NULL,NULL,NULL,NULL,NULL,NULL,538042,NULL,No,,,
538043,08-174,Digital Photo Frame,Desktop digital photo frame. Perfect for the home or office. Simple redemption process.,0,,,999,0,08-174.jpg,^936^,"<p style=text-align: center""><span style=""font-size: large""><span style=""font-family: Times New Roman"">Desktop digital photo frame. Perfect for the home or office. Simple redemption process.</span></span></p>""",08-174.jpg,NULL,No,0,1,53,0,Yes,Yes,Yes,Yes,None,Yes,No,No,No,Yes,Yes,Yes,Yes,No,NULL,NULL,NULL,NULL,1/29/2009,NULL,08-174,,,active,No,NULL,NULL,NULL,NULL,NULL,NULL,NULL,538043,NULL,No,,,
538044,08-161,$20 Home Improvement,$20 Home Improvement Certificate. Perfect incentive for any season.,0,,,999,0,08-161.jpg,^936^,"<p style=text-align: center""><span style=""font-size: large""><span style=""font-family: Times New Roman"">$20 Home Improvement Certificate. </span></span></p>""",08-161.jpg,NULL,No,0,1,66,0,Yes,Yes,Yes,Yes,None,Yes,No,No,No,Yes,Yes,Yes,Yes,No,NULL,NULL,NULL,NULL,1/29/2009,NULL,08-161,,,active,No,NULL,NULL,NULL,NULL,NULL,NULL,NULL,538044,NULL,No,,,
538045,08-193,Totally Free Gift Card,Gift certificate to TotallyFreeShoppingSpree.com Low cost for you with no cost to the end user.,0,,,999,0,08-193.jpg,^938^,"<p style=text-align: center""><span style=""font-size: large""><span style=""font-family: Times New Roman"">Gift certificate to TotallyFreeShoppingSpree.com </span></span></p>""",08-193.jpg,NULL,No,0,1,170,0,Yes,Yes,Yes,Yes,None,Yes,No,No,No,Yes,Yes,Yes,Yes,No,NULL,NULL,NULL,NULL,1/29/2009,NULL,08-193,,,active,No,NULL,NULL,NULL,NULL,NULL,NULL,NULL,538045,NULL,No,,,
538046,08-160,$20 Coffee and Breakfast,Coffee and Breakfast redemption certificate. Receive up to $20 for Coffee and Breakfast. Simple to do redemption process.,0,,,999,0,08-160.jpg,^936^,"<p style=text-align: center""><span style=""font-size: large""><span style=""font-family: Times New Roman"">Coffee and Breakfast redemption certificate. </span></span></p>""",08-160.jpg,NULL,No,0,1,76,0,Yes,Yes,Yes,Yes,None,Yes,No,No,No,Yes,Yes,Yes,Yes,No,NULL,NULL,NULL,NULL,1/29/2009,NULL,08-160,,,active,No,NULL,NULL,NULL,NULL,NULL,NULL,NULL,538046,NULL,No,,,
538047,08-159,Bluetooth Headset,Bluetooth Headset Redemption Certificate. A gift that everyone wants. Simple redemption process.,0,,,999,0,08-159.jpg,^936^,"<p style=text-align: center""><span style=""font-size: large""><span style=""font-family: Times New Roman"">Bluetooth Headset Redemption Certificate.</span></span></p>""",08-159.jpg,NULL,No,0,1,53,0,Yes,Yes,Yes,Yes,None,Yes,No,No,No,Yes,Yes,Yes,Yes,No,NULL,NULL,NULL,NULL,1/29/2009,NULL,08-159,,,active,No,NULL,NULL,NULL,NULL,NULL,NULL,NULL,538047,NULL,No,,,
538048,08-154,Triple Play Travel,"Enjoy travel with the triple play. Land, Sea, and Air.",0,,,999,0,08-154.jpg,^937^,"<p style=text-align: center""><span style=""font-size: large""><span style=""font-family: Times New Roman"">Enjoy travel with the triple play. Land", Sea," and Air.</span></span></p>""",08-154.jpg,NULL,No,0,1,48,0,Yes,Yes,Yes,Yes,None,Yes,No,No,No,Yes,Yes,Yes,Yes,No,NULL,NULL,NULL,NULL,1/29/2009,NULL,08-154,,,active,No,NULL,NULL,NULL,NULL,NULL,NULL,NULL,538048,NULL,No,
538049,08-153,Vacation of a Lifetime,Vacation of a lifetime 3 days and 2 nights for two.,0,,,999,0,08-153.jpg,^937^,"<p style=text-align: center""><span style=""font-size: large""><span style=""font-family: Times New Roman"">Vacation of a lifetime </span></span></p>""",08-153.jpg,NULL,No,0,1,66,0,Yes,Yes,Yes,Yes,None,Yes,No,No,No,Yes,Yes,Yes,Yes,No,NULL,NULL,NULL,NULL,1/29/2009,NULL,08-153,,,active,No,NULL,NULL,NULL,NULL,NULL,NULL,NULL,538049,NULL,No,,,
538050,08-152,Passage to Fun,Your passage to Fun! Cruise for two certificate.,0, ,,999,0,08-152.jpg,^937^,"<p style=text-align: center""><span style=""font-size: large""><span style=""font-family: Times New Roman"">Your passage to Fun!</span></span></p>""",08-152.jpg,NULL,No,0,1,64,0,Yes,Yes,Yes,Yes,None,Yes,No,No,No,Yes,Yes,Yes,Yes,No,NULL,NULL,NULL,NULL,1/29/2009,NULL,08-152,,,active,No,NULL,NULL,NULL,NULL,NULL,NULL,NULL,538050,NULL,No,,,
538051,SW11,Flat Treasure Chest Key,Flat Treasure Chest Key,0,,,999,0,sw11-promokeez.jpg,^940^,,sw11-promokeez.jpg,NULL,No,0,1,53,0,Yes,Yes,Yes,Yes,None,Yes,No,No,No,Yes,Yes,Yes,Yes,No,NULL,NULL,NULL,NULL,1/29/2009,NULL,SW11,,,active,No,NULL,NULL,NULL,NULL,NULL,NULL,NULL,538051,NULL,No,,,
538052,SW12,Contoured Treasure Chest Key,Contoured Treasure Chest Key,0,,,999,0,sw12-promokeez.jpg,^940^,,sw12-promokeez.jpg,NULL,No,0,1,43,0,Yes,Yes,Yes,Yes,None,Yes,No,No,No,Yes,Yes,Yes,Yes,No,NULL,NULL,NULL,NULL,1/29/2009,NULL,SW12,,,active,No,NULL,NULL,NULL,NULL,NULL,NULL,NULL,538052,NULL,No,,,
538053,SW13,Import Style Key,Import Style Key,0,,,999,0,sw13-promokeez.jpg,^940^,,sw13-promokeez.jpg,NULL,No,0,1,46,0,Yes,Yes,Yes,Yes,None,Yes,No,No,No,Yes,No,Yes,Yes,No,NULL,NULL,NULL,NULL,1/29/2009,NULL,SW13,,,active,No,NULL,NULL,NULL,NULL,NULL,NULL,NULL,538053,NULL,No,,,
538054,SW14,GM Style Key,GM Style Key,0,,,999,0,sw14-promokeez.jpg,^940^,,sw14-promokeez.jpg,NULL,No,0,1,49,0,Yes,Yes,Yes,Yes,None,Yes,No,No,No,Yes,Yes,Yes,Yes,No,NULL,NULL,NULL,NULL,1/29/2009,NULL,SW14,,,active,No,NULL,NULL,NULL,NULL,NULL,NULL,NULL,538054,NULL,No,,,
538055,SW15,Factory Duplicate,Factory Duplicate,0,,,999,0,sw15-promokeez.jpg,^940^,,sw15-promokeez.jpg,NULL,No,0,1,54,0,Yes,Yes,Yes,Yes,None,Yes,No,No,No,Yes,Yes,Yes,Yes,No,NULL,NULL,NULL,NULL,1/29/2009,NULL,SW15,,,active,No,NULL,NULL,NULL,NULL,NULL,NULL,NULL,538055,NULL,No,,,
538056,SW2,GM Style Brass Key,GM Style Brass Key,0,,,999,0,sw2-promokeez.jpg,^941^,,sw2-promokeez.jpg,NULL,No,0,1,27,0,Yes,Yes,Yes,Yes,None,Yes,No,No,No,Yes,Yes,Yes,Yes,No,NULL,NULL,NULL,NULL,1/29/2009,NULL,SW2,,,active,No,NULL,NULL,NULL,NULL,NULL,NULL,NULL,538056,NULL,No,,,
538057,SW3,Ford Style Key,Ford Style Key,0,,,999,0,sw3-promokeez.jpg,^941^,,sw3-promokeez.jpg,NULL,No,0,1,37,0,Yes,Yes,Yes,Yes,None,Yes,No,No,No,Yes,Yes,Yes,Yes,No,NULL,NULL,NULL,NULL,1/29/2009,NULL,SW3,,,active,No,NULL,NULL,NULL,NULL,NULL,NULL,NULL,538057,NULL,No,,,
538058,SW4,Chrysler Style Key,Chrysler Style Key,0,,,999,0,sw4-promokeez.jpg,^941^,,sw4-promokeez.jpg,NULL,No,0,1,25,0,Yes,Yes,Yes,Yes,None,Yes,No,No,No,Yes,Yes,Yes,Yes,No,NULL,NULL,NULL,NULL,1/29/2009,NULL,SW4,,,active,No,NULL,NULL,NULL,NULL,NULL,NULL,NULL,538058,NULL,No,,,
538059,SW5,GM Style Key,GM Style Key,0,,,999,0,sw5-promokeez.jpg,^941^,,sw5-promokeez.jpg,NULL,No,0,1,32,0,Yes,Yes,Yes,Yes,None,Yes,No,No,No,Yes,Yes,Yes,Yes,No,NULL,NULL,NULL,NULL,1/29/2009,NULL,SW5,,,active,No,NULL,NULL,NULL,NULL,NULL,NULL,NULL,538059,NULL,No,,,
538060,SW6,Factory Style Key,Factory Style Key,0,,,999,0,sw6-promokeez.jpg,^941^,,sw6-promokeez.jpg,NULL,No,0,1,32,0,Yes,Yes,Yes,Yes,None,Yes,No,No,No,Yes,Yes,Yes,Yes,No,NULL,NULL,NULL,NULL,1/29/2009,NULL,SW6,,,active,No,NULL,NULL,NULL,NULL,NULL,NULL,NULL,538060,NULL,No,,,
538061,SW10,House Key,House Key,0,,,999,0,sw10-promokeez.jpg,^941^,,sw10-promokeez.jpg,NULL,No,0,1,36,0,Yes,Yes,Yes,Yes,None,Yes,No,No,No,Yes,Yes,Yes,Yes,No,NULL,NULL,NULL,NULL,1/29/2009,NULL,SW10,,,active,No,NULL,NULL,NULL,NULL,NULL,NULL,NULL,538061,NULL,No,,,
538062,SW7,Plastic Head Key,Plastic Head Key,0,,,999,0,sw7-promokeez.jpg,^942^,,sw7-promokeez.jpg,NULL,No,0,1,119,0,Yes,Yes,Yes,Yes,None,Yes,No,No,No,Yes,Yes,Yes,Yes,No,NULL,NULL,NULL,NULL,1/29/2009,NULL,SW7,,,active,No,NULL,NULL,NULL,NULL,NULL,NULL,NULL,538062,NULL,No,,,
538063,SW16,Universal ATV Key,Universal ATV Key,0,,,999,0,sw16-promokeez.jpg,^942^,,sw16-promokeez.jpg,NULL,No,0,1,109,0,Yes,Yes,Yes,Yes,None,Yes,No,No,No,Yes,Yes,Yes,Yes,No,NULL,NULL,NULL,NULL,1/29/2009,NULL,SW16,,,active,No,NULL,NULL,NULL,NULL,NULL,NULL,NULL,538063,NULL,No,,,
538064,SW17,Safe Deposit Box Key,Safe Deposit Box Key,0,,,999,0,sw17-promokeez.jpg,^942^,,sw17-promokeez.jpg,NULL,No,0,1,116,0,Yes,Yes,Yes,Yes,None,Yes,No,No,No,Yes,Yes,Yes,Yes,No,NULL,NULL,NULL,NULL,1/29/2009,NULL,SW17,,,active,No,NULL,NULL,NULL,NULL,NULL,NULL,NULL,538064,NULL,No,,,
538065,SW18,Boat Key,Boat Key,0,,,999,0,sw18-promokeez.jpg,^942^,,sw18-promokeez.jpg,NULL,No,0,1,117,0,Yes,Yes,Yes,Yes,None,Yes,No,No,No,Yes,Yes,Yes,Yes,No,NULL,NULL,NULL,NULL,1/29/2009,NULL,SW18,,,active,No,NULL,NULL,NULL,NULL,NULL,NULL,NULL,538065,NULL,No,,,
538066,SW72,Plastic Head Key,Plastic Head Key,0,,,999,0,sw72-promokeez.jpg,^942^,,sw72-promokeez.jpg,NULL,No,0,1,119,0,Yes,Yes,Yes,Yes,None,Yes,No,No,No,Yes,Yes,Yes,Yes,No,NULL,NULL,NULL,NULL,1/29/2009,NULL,SW72,,,active,No,NULL,NULL,NULL,NULL,NULL,NULL,NULL,538066,NULL,No,,,
538067,SW74,Plastic Head Key,Plastic Head Key,0,,,999,0,sw74-promokeez.jpg,^942^,,sw74-promokeez.jpg,NULL,No,0,1,115,0,Yes,Yes,Yes,Yes,None,Yes,No,No,No,Yes,Yes,Yes,Yes,No,NULL,NULL,NULL,NULL,1/29/2009,NULL,SW74,,,active,No,NULL,NULL,NULL,NULL,NULL,NULL,NULL,538067,NULL,No,,,
538068,SW10-Numbered,House Key - Numbered,House Key - Numbered,0,,,999,0,sw10-numbered-promokeez.jpg,^943^,,sw10-numbered-promokeez.jpg,NULL,No,0,1,75,0,Yes,Yes,Yes,Yes,None,NULL,No,No,No,Yes,Yes,Yes,Yes,No,NULL,NULL,NULL,NULL,1/29/2009,NULL,SW10-Numbered,,,active,No,NULL,NULL,NULL,NULL,NULL,NULL,NULL,538068,NULL,No,,,
538069,SW11-Numbered,Flat Treasure Chest Key - Numbered,Flat Treasure Chest Key - Numbered,0,,,999,0,sw11-numbered-promokeez.jpg,^943^,,sw11-numbered-promokeez.jpg,NULL,No,0,1,66,0,Yes,Yes,Yes,Yes,None,NULL,No,No,No,Yes,Yes,Yes,Yes,No,NULL,NULL,NULL,NULL,1/29/2009,NULL,SW11-Numbered,,,active,No,NULL,NULL,NULL,NULL,NULL,NULL,NULL,538069,NULL,No,,,
538070,SW19,Key with Etched Logo,Key with Etched Logo,0,,,999,0,sw19-etched-promokeez.jpg,|0|,,sw19-etched-promokeez.jpg,NULL,No,0,1,69,0,Yes,Yes,Yes,Yes,None,Yes,Yes,No,No,Yes,Yes,Yes,Yes,no,NULL,NULL,NULL,NULL,1/29/2009,NULL,SW19,,,active,No,NULL,NULL,,NULL,,NULL,NULL,538070,NULL,No,,,
538071,R1I-Blue,Blue Color Key,Blue Color Key,0,,,999,0,r1i-blue-promokeez.jpg,^943^,,r1i-blue-promokeez.jpg,NULL,No,0,1,64,0,Yes,Yes,Yes,Yes,None,NULL,No,No,No,Yes,Yes,Yes,Yes,No,NULL,NULL,NULL,NULL,1/29/2009,NULL,R1I-Blue,,,active,No,NULL,NULL,NULL,NULL,NULL,NULL,NULL,538071,NULL,No,,,
538072,R1I-Green,Green Color Key,Green Color Key,0,,,999,0,r1i-green-promokeez.jpg,^943^,,r1i-green-promokeez.jpg,NULL,No,0,1,60,0,Yes,Yes,Yes,Yes,None,NULL,No,No,No,Yes,Yes,Yes,Yes,No,NULL,NULL,NULL,NULL,1/29/2009,NULL,R1I-Green,,,active,No,NULL,NULL,NULL,NULL,NULL,NULL,NULL,538072,NULL,No,,,
538073,R1I-Purple,Purple Color Key,Purple Color Key,0,,,999,0,r1i-purple-promokeez.jpg,^943^,,r1i-purple-promokeez.jpg,NULL,No,0,1,60,0,Yes,Yes,Yes,Yes,None,NULL,No,No,No,Yes,Yes,Yes,Yes,No,NULL,NULL,NULL,NULL,1/29/2009,NULL,R1I-Purple,,,active,No,NULL,NULL,NULL,NULL,NULL,NULL,NULL,538073,NULL,No,,,
538074,R1I-Red,Red Color Key`,Red Color Key,0,,,999,0,r1i-red-promokeez.jpg,^943^,,r1i-red-promokeez.jpg,NULL,No,0,1,67,0,Yes,Yes,Yes,Yes,None,NULL,No,No,No,Yes,Yes,Yes,Yes,No,NULL,NULL,NULL,NULL,1/29/2009,NULL,R1I-Red,,,active,No,NULL,NULL,NULL,NULL,NULL,NULL,NULL,538074,NULL,No,,,
538075,R1I-Black,Black Color Key,Black Color Key,0,,,999,0,r1i-black-promokeez.jpg,^943^,,r1i-black-promokeez.jpg,NULL,No,0,1,63,0,Yes,Yes,Yes,Yes,None,NULL,No,No,No,Yes,Yes,Yes,Yes,No,NULL,NULL,NULL,NULL,1/29/2009,NULL,R1I-Black,,,active,No,NULL,NULL,NULL,NULL,NULL,NULL,NULL,538075,NULL,No,,,
538076,R55-Pink,Pink Color Key,Pink Color Key,0,,,999,0,r55-pink-promokeez.jpg,^943^,,r55-pink-promokeez.jpg,NULL,No,0,1,71,0,Yes,Yes,Yes,Yes,None,NULL,No,No,No,Yes,Yes,Yes,Yes,No,NULL,NULL,NULL,NULL,1/29/2009,NULL,R55-Pink,,,active,No,NULL,NULL,NULL,NULL,NULL,NULL,NULL,538076,NULL,No,,,
538077,Skeleton Key,Skeleton Key,Skeleton Key,0,,,999,0,skeleton-key-promokeez.jpg,^943^,,skeleton-key-promokeez.jpg,NULL,No,0,1,77,0,Yes,Yes,Yes,Yes,None,NULL,No,No,No,Yes,Yes,Yes,Yes,No,NULL,NULL,NULL,NULL,1/29/2009,NULL,Skeleton Key,,,active,No,NULL,NULL,NULL,NULL,NULL,NULL,NULL,538077,NULL,No,,,
538078,D08-100,Argus Digital Camera,Available With 9.99 S&H or 13.99 S&H,0,,,999,0,D08-100.JPG,^936^,<p>&nbsp;</p>,D08-100.JPG,NULL,No,0,1,62,0,Yes,Yes,Yes,Yes,None,Yes,No,No,No,Yes,Yes,Yes,Yes,No,NULL,NULL,NULL,NULL,1/30/2009,NULL,D08-100,,,active,No,NULL,NULL,NULL,NULL,NULL,NULL,NULL,538078,NULL,No,,,
538079,D08-130,DVD Player,DVD Player redemption Certificate.,0,,,999,0,D08-130.JPG,^936^,"<p style=text-align: center""><span style=""font-size: large""><span style=""font-family: Times New Roman"">DVD Player redemption Certificate.</span></span></p>""",D08-130.JPG,NULL,No,0,1,61,0,Yes,Yes,Yes,Yes,None,Yes,No,No,No,Yes,Yes,Yes,Yes,No,NULL,NULL,NULL,NULL,1/30/2009,NULL,D08-130,,,active,No,NULL,NULL,NULL,NULL,NULL,NULL,NULL,538079,NULL,No,,,
538080,D08-135,MP3 Player,Coby MP3 Player Redemption Certificate. Simple redemption process.,0,,,999,0,D08-135.JPG,^936^,"<p style=text-align: center""><span style=""font-size: large""><span style=""font-family: Times New Roman"">Coby MP3 Player Redemption Certificate. </span></span></p>""",D08-135.JPG,NULL,No,0,1,53,0,Yes,Yes,Yes,Yes,None,Yes,No,No,No,Yes,Yes,Yes,Yes,No,NULL,NULL,NULL,NULL,1/30/2009,NULL,D08-135,,,active,No,NULL,NULL,NULL,NULL,NULL,NULL,NULL,538080,NULL,No,,,
538081,D08-173,George Foreman Grill,George Foreman Grill Redemption Certificate. Easy to follow redemption process.,0,,,999,0,D08-173.JPG,^936^,"<p style=text-align: center""><span style=""font-size: large""><span style=""font-family: Times New Roman"">George Foreman Grill Redemption Certificate. </span></span></p>""",D08-173.JPG,NULL,No,0,1,57,0,Yes,Yes,Yes,Yes,None,Yes,No,No,No,Yes,Yes,Yes,Yes,No,NULL,NULL,NULL,NULL,1/30/2009,NULL,D08-173,,,active,No,NULL,NULL,NULL,NULL,NULL,NULL,NULL,538081,NULL,No,,,
538082,D08-178,Golf or Spa Certificate,Enjoy a trip to the spa or the course on us.,0,,,999,0,D08-178.JPG,^937^,"<p style=text-align: center""><span style=""font-size: large""><span style=""font-family: Times New Roman"">Enjoy a trip to the spa or the course on us.</span></span></p>""",D08-178.JPG,NULL,No,0,1,49,0,Yes,Yes,Yes,Yes,None,Yes,No,No,No,Yes,Yes,Yes,Yes,No,NULL,NULL,NULL,NULL,1/30/2009,NULL,D08-178,,,active,No,NULL,NULL,NULL,NULL,NULL,NULL,NULL,538082,NULL,No,,,
538083,08-212,Your Choice Getaway,Your choice getaway vacation package.,0,,,999,0,08-212.JPG,^937^,"<p style=text-align: center""><span style=""font-size: large""><span style=""font-family: Times New Roman"">Your choice getaway vacation package.</span></span></p>""",08-212.JPG,NULL,No,0,1,72,0,Yes,Yes,Yes,Yes,None,Yes,No,No,No,Yes,Yes,Yes,Yes,No,NULL,NULL,NULL,NULL,1/30/2009,NULL,08-212,,,active,No,NULL,NULL,NULL,NULL,NULL,NULL,NULL,538083,NULL,No,,,
538084,08-117,Dream Vacation,Dream Vacation with Four Destination Choices.,0,,,999,0,08-117.JPG,^937^,"<p style=text-align: center""><span style=""font-size: large""><span style=""font-family: Times New Roman"">Dream Vacation with Four Destination Choices.</span></span></p>""",08-117.JPG,NULL,No,0,1,80,0,Yes,Yes,Yes,Yes,None,Yes,No,No,No,Yes,Yes,Yes,Yes,No,NULL,NULL,NULL,NULL,1/30/2009,NULL,08-117,,,active,No,NULL,NULL,NULL,NULL,NULL,NULL,NULL,538084,NULL,No,,,
538085,18-Jan,Car Care Kit,* Shampoo & scrubber mitt,0,,,999,0,010-carwk.gif,0,<p>* Shampoo &amp; scrubber mitt<br />,010-carwk.gif,NULL,No,0,1,102,0,Yes,Yes,Yes,Yes,None,Yes,No,No,No,Yes,Yes,Yes,Yes,No,NULL,NULL,NULL,NULL,2/1/2009,NULL,18-Jan,,,inactive,No,NULL,NULL,NULL,NULL,NULL,NULL,NULL,538085,NULL,No,,,
538086,21-14,25pc Toolkit Flashlight,Stylish shape with a powerful spotlight,5.28,,,999,0,21-14.jpg,|932|,"<p style=padding-right: 10px"">Stylish shape with a powerful spotlight</p>""",21-14.jpg,NULL,No,0,1,151,0,Yes,Yes,Yes,Yes,None,Yes,No,No,No,Yes,Yes,Yes,Yes,no,NULL,NULL,NULL,NULL,2/1/2009,NULL,21-14,,,active,No,NULL,NULL,,NULL,,NULL,NULL,538086,20,No,,,
538087,Dec-98,4pc Stainless Steel Coffee Set,1 stainless steel vacuum flask (.5 Liter). 2 stainless steel mugs (14 Oz.). All stored in a zippered carry bag. Ideal for travel and picnics. Retail $49.95,10.2,,49.95,999,0,4pcstainlessset.jpg,|923|,<p>1 stainless steel vacuum flask (.5 Liter). 2 stainless steel mugs (14 Oz.). All stored in a zippered carry bag. Ideal for travel and picnics.</p>,4pcstainlessset.jpg,NULL,No,0,1,160,0,Yes,Yes,Yes,Yes,None,Yes,Yes,No,Yes,Yes,Yes,Yes,Yes,no,NULL,NULL,NULL,NULL,2/1/2009,NULL,Dec-98,,,active,No,NULL,NULL,,NULL,,NULL,NULL,538087,12,No,,,

